sale_id,sale_date,city,category,product,quantity,unit_price,total_amount
1,2025-03-12,Kolkata,Electronics,Laptop,2,1928,3856
2,2025-05-20,Kolkata,Clothing,Shirt,1,4937,4937
3,2025-01-24,Lucknow,Grocery,Rice,2,2005,4010
4,2025-02-20,Pune,Books,Novel,5,3536,17680
5,2025-03-13,Pune,Clothing,T-shirt,1,1407,1407
6,2025-02-09,Mumbai,Grocery,Sugar,2,2857,5714
7,2025-01-25,Bangalore,Electronics,Laptop,3,2917,8751
8,2025-04-28,Lucknow,Books,Comics,5,1122,5610
9,2025-03-17,Pune,Grocery,Rice,5,3062,15310
10,2025-01-18,Kolkata,Books,Notebook,1,1966,1966
11,2025-01-26,Delhi,Furniture,Chair,4,2377,9508
12,2025-04-05,Delhi,Grocery,Sugar,3,1816,5448
13,2025-02-13,Pune,Furniture,Chair,5,2105,10525
14,2025-03-11,Bangalore,Clothing,T-shirt,5,1899,9495
15,2025-01-09,Delhi,Furniture,Chair,3,3386,10158
16,2025-05-26,Delhi,Furniture,Chair,3,1841,5523
17,2025-04-28,Kolkata,Grocery,Milk,2,2269,4538
18,2025-05-24,Kolkata,Clothing,Jeans,5,2252,11260
19,2025-04-13,Pune,Books,Biography,3,1896,5688
20,2025-01-13,Lucknow,Clothing,T-shirt,1,1352,1352
21,2025-01-17,Pune,Clothing,T-shirt,4,3226,12904
22,2025-03-06,Pune,Books,Biography,5,194,970
23,2025-03-29,Kolkata,Electronics,Headphones,1,2504,2504
24,2025-01-01,Bangalore,Grocery,Oil,3,4200,12600
25,2025-03-18,Kolkata,Clothing,Shirt,5,1729,8645
26,2025-05-19,Delhi,Clothing,Jacket,5,104,520
27,2025-01-05,Bangalore,Books,Comics,1,3073,3073
28,2025-03-03,Lucknow,Furniture,Table,5,745,3725
29,2025-05-17,Lucknow,Electronics,Tablet,2,1151,2302
30,2025-05-16,Mumbai,Grocery,Oil,5,3566,17830
31,2025-03-21,Kolkata,Clothing,Jeans,4,3159,12636
32,2025-03-05,Lucknow,Grocery,Milk,2,624,1248
33,2025-05-22,Pune,Furniture,Chair,2,4920,9840
34,2025-01-16,Lucknow,Clothing,Shirt,2,652,1304
35,2025-05-12,Lucknow,Electronics,Headphones,2,2381,4762
36,2025-02-03,Pune,Grocery,Oil,5,4820,24100
37,2025-04-15,Bangalore,Grocery,Oil,2,872,1744
38,2025-04-19,Mumbai,Electronics,Tablet,4,3925,15700
39,2025-04-14,Lucknow,Electronics,Laptop,3,995,2985
40,2025-05-18,Delhi,Clothing,Jeans,4,1248,4992
41,2025-04-29,Mumbai,Grocery,Oil,2,717,1434
42,2025-05-19,Lucknow,Grocery,Rice,1,864,864
43,2025-05-05,Bangalore,Clothing,Jeans,4,1851,7404
44,2025-04-08,Delhi,Grocery,Rice,1,3298,3298
45,2025-04-19,Mumbai,Furniture,Shelf,5,4086,20430
46,2025-02-25,Mumbai,Clothing,Jeans,1,4844,4844
47,2025-03-22,Kolkata,Books,Novel,1,510,510
48,2025-05-16,Pune,Books,Biography,2,565,1130
49,2025-01-18,Delhi,Books,Novel,5,656,3280
50,2025-05-26,Lucknow,Clothing,T-shirt,2,4842,9684
51,2025-01-21,Pune,Books,Novel,4,4881,19524
52,2025-02-22,Mumbai,Books,Comics,3,2055,6165
53,2025-03-18,Delhi,Furniture,Shelf,4,2690,10760
54,2025-05-25,Bangalore,Electronics,Laptop,1,700,700
55,2025-03-09,Pune,Books,Notebook,2,2959,5918
56,2025-03-14,Mumbai,Electronics,Phone,2,3689,7378
57,2025-05-16,Pune,Books,Comics,1,4643,4643
58,2025-03-09,Delhi,Furniture,Chair,1,976,976
59,2025-03-14,Mumbai,Books,Notebook,5,1825,9125
60,2025-03-09,Kolkata,Furniture,Table,5,4102,20510
61,2025-04-19,Lucknow,Furniture,Chair,3,461,1383
62,2025-03-09,Delhi,Electronics,Headphones,2,3719,7438
63,2025-01-03,Pune,Books,Biography,1,716,716
64,2025-05-30,Mumbai,Clothing,Shirt,5,1313,6565
65,2025-03-20,Lucknow,Grocery,Oil,3,426,1278
66,2025-03-05,Kolkata,Furniture,Table,1,2997,2997
67,2025-02-09,Pune,Books,Biography,2,1431,2862
68,2025-02-15,Lucknow,Clothing,T-shirt,3,3472,10416
69,2025-01-28,Delhi,Clothing,Jacket,4,417,1668
70,2025-04-28,Delhi,Grocery,Oil,3,2600,7800
71,2025-02-19,Lucknow,Clothing,Jeans,4,2789,11156
72,2025-03-31,Mumbai,Furniture,Chair,5,3374,16870
73,2025-01-30,Lucknow,Books,Comics,3,1562,4686
74,2025-01-28,Lucknow,Books,Comics,5,3659,18295
75,2025-05-11,Bangalore,Furniture,Sofa,1,3255,3255
76,2025-01-12,Mumbai,Books,Notebook,4,113,452
77,2025-04-21,Mumbai,Books,Notebook,1,2804,2804
78,2025-02-01,Kolkata,Books,Comics,3,4254,12762
79,2025-04-14,Mumbai,Furniture,Shelf,3,4641,13923
80,2025-04-08,Bangalore,Clothing,Jeans,2,4762,9524
81,2025-01-01,Pune,Furniture,Shelf,3,2450,7350
82,2025-03-24,Pune,Clothing,T-shirt,4,3719,14876
83,2025-05-02,Pune,Grocery,Oil,2,794,1588
84,2025-03-02,Lucknow,Furniture,Sofa,3,1940,5820
85,2025-01-12,Lucknow,Clothing,Jeans,2,3992,7984
86,2025-04-17,Bangalore,Books,Novel,5,1692,8460
87,2025-03-04,Bangalore,Grocery,Milk,2,145,290
88,2025-02-15,Delhi,Electronics,Tablet,5,3905,19525
89,2025-04-27,Lucknow,Electronics,Phone,2,3906,7812
90,2025-05-10,Bangalore,Books,Comics,4,4588,18352
91,2025-05-02,Kolkata,Grocery,Oil,4,2223,8892
92,2025-05-05,Pune,Clothing,Jacket,2,2349,4698
93,2025-03-15,Kolkata,Grocery,Rice,2,2325,4650
94,2025-01-21,Pune,Furniture,Sofa,2,1335,2670
95,2025-02-09,Kolkata,Clothing,T-shirt,2,626,1252
96,2025-05-19,Mumbai,Grocery,Milk,4,3506,14024
97,2025-04-10,Bangalore,Electronics,Phone,5,260,1300
98,2025-01-02,Bangalore,Books,Biography,3,2546,7638
99,2025-05-20,Pune,Grocery,Milk,5,1906,9530
100,2025-04-22,Mumbai,Grocery,Oil,4,337,1348
